{
    "Timestamp": "12/09/2025 03:05:39",
    "Offsets": [
        0.0001481098635056686,
        0.000228523565181197,
        0.003091613025405823,
        0.003981529812049514
    ],
    "Gains": [
        1,
        1,
        1,
        1
    ]
}